{
  "type": "minecraft:random_patch",
  "config": {
    "feature": {
      "feature": {
        "type": "minecraft:simple_block",
        "config": {
          "to_place": {
            "type": "minecraft:noise_provider",
            "noise": {
              "amplitudes": [
                5.0
              ],
              "firstOctave": -5
            },
            "scale": 1.0,
            "seed": 237,
            "states": [
              {
                "Name": "hybrid-aquatic:floating_sargassum",
                "Properties": {
                  "waterlogged": "true"
                }
              }
            ]
          }
        }
      },
      "placement": [
        {
          "type": "minecraft:block_predicate_filter",
          "predicate": {
            "type": "minecraft:matching_blocks",
            "blocks": "minecraft:water"
          }
        }
      ]
    },
    "tries": 100,
    "xz_spread": 10,
    "y_spread": 10
  }
}