{
  "type": "minecraft:no_bonemeal_flower",
  "config": {
    "feature": {
      "feature": {
        "type": "minecraft:simple_block",
        "config": {
          "to_place": {
            "type": "minecraft:weighted_state_provider",
            "entries": [
              {
                "data": {
                  "Name": "hybrid-aquatic:giant_clam",
                  "Properties": {
                    "facing": "east",
                    "state": "open",
                    "waterlogged": "true"
                  }
                },
                "weight": 1
              },
              {
                "data": {
                  "Name": "hybrid-aquatic:giant_clam",
                  "Properties": {
                    "facing": "north",
                    "state": "open",
                    "waterlogged": "true"
                  }
                },
                "weight": 1
              }
            ]
          }
        }
      },
      "placement": [
        {
          "type": "minecraft:block_predicate_filter",
          "predicate": {
            "type": "minecraft:matching_blocks",
            "blocks": "minecraft:water"
          }
        }
      ]
    },
    "tries": 2,
    "xz_spread": 2,
    "y_spread": 2
  }
}