{
  "type": "minecraft:no_bonemeal_flower",
  "config": {
    "feature": {
      "feature": {
        "type": "minecraft:simple_block",
        "config": {
          "to_place": {
            "type": "minecraft:weighted_state_provider",
            "entries": [
              {
                "data": {
                  "Name": "hybrid-aquatic:giant_green_anemone",
                  "Properties": {
                    "waterlogged": "true"
                  }
                },
                "weight": 1
              },
              {
                "data": {
                  "Name": "hybrid-aquatic:strawberry_anemone",
                  "Properties": {
                    "waterlogged": "true"
                  }
                },
                "weight": 3
              }
            ]
          }
        }
      },
      "placement": [
        {
          "type": "minecraft:block_predicate_filter",
          "predicate": {
            "type": "minecraft:matching_blocks",
            "blocks": "minecraft:water"
          }
        }
      ]
    },
    "tries": 3,
    "xz_spread": 3,
    "y_spread": 3
  }
}