{
  "type": "hybrid-aquatic:vent_patch",
  "config": {
    "base_block": {
      "type": "minecraft:simple_state_provider",
      "state": {
        "Name": "minecraft:tuff"
      }
    },
    "count": {
      "type": "minecraft:uniform",
      "value": {
        "max_inclusive": 5,
        "min_inclusive": 3
      }
    },
    "spread_radius": 2,
    "vent_block": {
      "type": "minecraft:simple_state_provider",
      "state": {
        "Name": "hybrid-aquatic:hydrothermal_vent_shaft",
        "Properties": {
          "thickness": "tip",
          "waterlogged": "true"
        }
      }
    },
    "worm_block": {
      "type": "minecraft:simple_state_provider",
      "state": {
        "Name": "hybrid-aquatic:tube_worm",
        "Properties": {
          "waterlogged": "true",
          "worms": "1"
        }
      }
    },
    "worm_count": {
      "type": "minecraft:uniform",
      "value": {
        "max_inclusive": 3,
        "min_inclusive": 1
      }
    },
    "worm_count_per_block": {
      "type": "minecraft:uniform",
      "value": {
        "max_inclusive": 4,
        "min_inclusive": 1
      }
    },
    "worm_spread_radius": 4
  }
}