{
  "type": "minecraft:random_patch",
  "config": {
    "feature": {
      "feature": {
        "type": "minecraft:simple_block",
        "config": {
          "to_place": {
            "type": "minecraft:simple_state_provider",
            "state": {
              "Name": "hybrid-aquatic:water_lettuce",
              "Properties": {
                "waterlogged": "true"
              }
            }
          }
        }
      },
      "placement": [
        {
          "type": "minecraft:block_predicate_filter",
          "predicate": {
            "type": "minecraft:matching_blocks",
            "blocks": "minecraft:water"
          }
        }
      ]
    },
    "tries": 5,
    "xz_spread": 3,
    "y_spread": 3
  }
}