{
  "type": "lithostitched:wrap_density_function",
  "target_function": "minecraft:overworld/offset",
  "wrapper_function": {
    "type": "minecraft:clamp",
    "input": {
      "type": "minecraft:add",
      "argument1": -0.5,
      "argument2": {
        "type": "minecraft:mul",
        "argument1": {
          "type": "minecraft:add",
          "argument1": 0.5,
          "argument2": {
            "type": "lithostitched:wrapped_marker"
          }
        },
        "argument2": {
          "type": "minecraft:add",
          "argument1": 1,
          "argument2": {
            "type": "minecraft:mul",
            "argument1": {
              "type": "minecraft:add",
              "argument1": -1,
              "argument2": 2
            },
            "argument2": {
              "type": "minecraft:spline",
              "spline": {
                "coordinate": "minecraft:overworld/continents",
                "points": [
                  {
                    "location": -0.7,
                    "derivative": 0,
                    "value": 0
                  },
                  {
                    "location": -0.67,
                    "derivative": 0,
                    "value": 3
                  },
                  {
                    "location": -0.64,
                    "derivative": 0,
                    "value": 0
                  }
                ]
              }
            }
          }
        }
      }
    },
    "min": -1.3,
    "max": 48
  }
}